,Clade,numberTipsClade,numberTipsTrimmed,sackin,colless,Variance,I2,B1,B2,avgLadder,ILnumber,pitchforks,maxHeight,MaxWidth,DelW,Stairs1,Stairs2,Cherries,BS,descinm,getstattest,skewness,kurtosis,MeanPairwiseDist,MaxPairwiseDist,diameter,WienerIndex,betweenness,closeness,eigenvector,allTrimmedSizes_3.4,Labels
1,10639,8703,182,1.661294485,1.371311236,0.000380402,127.6667363,65.88124774,96.48684685,0.025,0.588888889,0.313186813,0.276243094,22,4,0.756906077,0.401908576,38,132.0029453,-9.064959062,41.25951186,3.461896611,17.90689438,0.009542815,0.09041271,66,1517306,38439,0.000194515,0.279233444,3866,21.24175824
2,10640,8014,222,2.927389226,2.685531188,0.003016462,162.234595,74.20501804,117.3483684,0.020750988,0.6,0.324324324,0.36199095,14,4,0.787330317,0.35884698,45,166.8367772,-10.63010876,50.95617645,3.357170061,16.5858822,0.030128361,0.210959452,87,3438202,59757,9.27E-05,0.284705222,3234,14.56756757
3,10644,6368,552,2.20833216,2.001223913,0.027463719,350.4982294,237.1403266,275.9869435,0.005038961,0.483636364,0.440217391,0.148820327,48,10,0.709618875,0.480353055,143,530.4310061,-39.47990933,92.65599484,1.977618574,6.506512599,0.093452038,0.849315616,83,18299048,377825,4.92E-05,0.262757064,1982,3.59057971
4,10703,5459,8,1.458407736,0.751300955,0.060081457,4.333333333,3.283333333,3.93121571,0.5,0.666666667,0.375,0.857142857,4,2,0.714285714,0.525170068,2,7.866116912,1.776780923,1.700333807,1.056600848,2.459472674,0.126113579,0.6274,7,358,63,0.032258065,0.48613193,1107,138.375
5,10711,4177,8,1.546796084,0.92807765,0.060196312,6,2.45,4.127350233,1,1,0.375,1,2,1,0.857142857,0.370408163,1,6.375724856,2.483507421,2.49142332,1.256525702,3.102339874,0.102911105,0.621919178,8,378,55,0.028571429,0.436770288,1242,155.25
6,10712,4176,30,1.235418657,0.63900965,0.048538494,17.44040404,14.27896825,14.8007523,0.098214286,0.5,0.6,0.344827586,12,4,0.724137931,0.554462607,8,29.11277346,-0.644226591,5.698240307,1.905177812,5.130561043,0.118980317,1.005481129,16,12074,1041,0.003921569,0.353122186,1373,45.76666667
7,10718,3766,60,1.592226487,1.179108263,0.055790435,37.95058733,25.71595818,30.07246736,0.038314176,0.482758621,0.45,0.440677966,10,4,0.711864407,0.468386201,16,54.07272428,-3.790033429,8.502508265,1.111389006,3.075370688,0.116990789,1.00000074,32,89024,3957,0.00097561,0.323991152,1089,18.15
8,10720,3764,76,1.436866965,1.032370802,0.064046566,43.59746093,35.62108638,38.06082479,0.031531532,0.405405405,0.473684211,0.36,12,4,0.68,0.52553682,23,67.75838285,-5.87431286,9.309210956,1.35928598,4.254098293,0.130225647,1.063013726,34,158536,6449,0.000694444,0.319303544,1087,14.30263158
9,10721,3332,99,1.326852954,0.926868207,0.03672034,56.08317485,45.53457845,50.5490797,0.027179007,0.443298969,0.454545455,0.275510204,18,8,0.683673469,0.535643564,28,86.37995787,-7.56496635,14.66846843,1.431115623,4.159897659,0.106376662,0.690410329,37,305950,11229,0.000478927,0.283554612,807,8.151515152
10,10723,2643,49,2.501457726,2.128279883,0.048718681,34.67171249,16.39182853,24.84832443,0.122340426,0.574468085,0.306122449,0.6875,6,2,0.770833333,0.358968769,11,43.0867836,-0.494401069,12.35920516,2.078130392,6.735925716,0.120890334,0.887670685,36,63108,2421,0.001078749,0.351681205,310,6.326530612
11,10724,2641,68,2.669675226,2.337972091,0.05228174,44.7209012,25.63626662,33.63074769,0.060606061,0.454545455,0.308823529,0.626865672,6,2,0.71641791,0.397295613,19,64.84692991,-2.738585862,15.45849047,1.764491684,5.034587737,0.121533359,1.038355342,46,150398,4763,0.000631313,0.244145713,1018,14.97058824
12,10772,2503,188,2.196897465,1.908270992,0.034115856,120.780712,74.99723094,97.66278577,0.017783292,0.505376344,0.319148936,0.331550802,18,6,0.71657754,0.451547238,47,147.7239681,-12.42214929,35.78972959,2.289680094,8.191691223,0.071557121,0.97808274,70,1858162,45317,0.00015444,0.306123122,1995,10.61170213
13,10773,2426,519,2.194248948,1.98399213,0.022077634,330.0909309,212.800258,271.0976877,0.006554911,0.477756286,0.352601156,0.194980695,36,8,0.714285714,0.458871879,136,406.186067,-36.97435187,88.24092846,1.97383495,6.48723951,0.062165347,1.104110685,124,24550864,355061,3.41E-05,0.257864593,2136,4.115606936
14,10776,2402,1342,2.082791205,1.93381409,0.02024201,833.5325368,573.3307685,685.3447642,0.002330076,0.459701493,0.371087928,0.117822521,76,12,0.695749441,0.479063693,363,1196.643166,-98.25243017,222.1280298,1.971743995,6.686328172,0.070490915,1.391780082,234,257946484,2217569,8.68E-06,0.24476237,2391,1.781669151
15,10929,370,32,1.121427161,0.502708727,0.0332629,18.77013856,14.62896825,16.60324091,0.066666667,0.533333333,0.5625,0.35483871,10,4,0.709677419,0.552470093,8,25.71051625,-1.446369541,4.413056974,1.036824332,3.068640436,0.083494819,0.832877534,17,15506,1223,0.003236246,0.32907404,370,11.5625
16,10931,361,63,1.153891539,0.629940788,0.0175378,35.14126361,29.37143967,33.07984277,0.041894353,0.442622951,0.380952381,0.241935484,20,8,0.677419355,0.548672235,18,47.97334089,-3.797834043,10.17709962,2.598714024,11.24565693,0.05164409,0.893152329,27,86482,4409,0.001096491,0.346375148,361,5.73015873
17,10933,266,266,0.842720837,0.508951752,0.014851877,129.6075892,137.6527902,132.8230677,0.01046176,0.348484848,0.428571429,0.086792453,64,12,0.60754717,0.612460101,87,261.3706803,-25.80420361,36.24878512,1.717675986,5.50457426,0.068183892,0.816439452,32,2306936,91223,0.000196618,0.224353561,266,1
18,11200,57,48,1.341136563,0.817912881,0.023319665,24.34870503,23.66822899,22.4402173,0.059782609,0.347826087,0.3125,0.340425532,14,4,0.638297872,0.570508271,16,55.35909737,-4.074699392,5.94305567,1.3653006,4.60545622,0.062023092,1.005479452,20,39348,2725,0.001956947,0.325974678,57,1.1875
19,11240,10,10,1.328156617,0.569209979,0.014963891,4.914285714,4.783333333,4.896861817,0.25,0.5,0.6,0.666666667,4,2,0.666666667,0.608906526,3,10.45844994,0.32959697,0.279399343,0.224464085,1.811097291,0.06476729,0.378083562,7,660,107,0.022727273,0.462194426,10,1
20,11257,32,29,1.248641067,0.582699165,0.040230381,13.28333333,14.39404762,14.87560745,0.12962963,0.407407407,0.310344828,0.321428571,10,2,0.571428571,0.618311382,9,24.5263913,-0.771112384,5.364037759,1.390023012,3.538569815,0.10065011,0.843836438,17,12574,1005,0.003448276,0.367454297,32,1.103448276
21,11298,11,11,1.288275745,0.465972078,0.008802949,3.583333333,5.783333333,5.317325092,0,0.333333333,0.272727273,0.6,6,2,0.5,0.713333333,4,12.01296002,1.268563221,-0.00542405,-0.381194212,1.77087084,0.050085104,0.241096164,8,870,113,0.017857143,0.390523047,11,1
22,11313,44,43,2.106608158,1.617194141,0.021250497,24.29407666,17.17869204,21.90307818,0.109756098,0.512195122,0.139534884,0.523809524,10,4,0.642857143,0.479408437,11,38.89870976,-0.273379605,10.37647432,3.059401897,11.38694767,0.078158598,0.654793973,24,35092,2181,0.001949318,0.353809993,44,1.023255814
23,11356,32,21,1.184611404,0.498783749,0.00988523,11.33133971,9.876190476,11.00666354,0.157894737,0.473684211,0.428571429,0.4,8,4,0.7,0.569026807,6,16.76632664,0.064236851,4.058640002,1.465549715,3.845853574,0.055080271,0.323287726,15,5404,473,0.005617978,0.383987311,32,1.523809524
24,11359,20,18,1.361835282,0.628539361,0.010468385,7.266666667,9.176190476,9.344155549,0,0.375,0.333333333,0.470588235,8,4,0.529411765,0.657834265,6,15.23192219,-0.134928204,1.962913171,1.331104073,3.761018857,0.055995181,0.358904384,10,3272,385,0.008547009,0.384448528,20,1.111111111
25,11363,8,8,1.104854346,0.220970869,0.033800982,2.666666667,4.333333333,3.474067211,0,0.333333333,0.75,0.571428571,6,2,0.571428571,0.752380952,3,10.81369039,0.749062241,-0.174049917,0.622267969,1.950799816,0.091952048,0.493150356,7,374,63,0.03030303,0.479599805,8,1
26,11387,8,8,1.414213562,0.707106781,0.005225888,4.5,3.283333333,3.636633332,0.333333333,0.666666667,0.375,0.857142857,4,2,0.714285714,0.520408163,2,10.1762077,1.776780923,1.700333807,0.431869487,1.393530247,0.032620042,0.180822466,7,360,61,0.03125,0.472501904,8,1
27,11395,55,52,0.992059966,0.410691491,0.023292472,23.32154328,28.01349206,26.64802914,0.04,0.32,0.519230769,0.215686275,16,4,0.62745098,0.645905379,18,45.80512531,-4.041870247,6.134436776,1.445425649,3.834180213,0.086208121,0.536989562,19,48864,3377,0.001703578,0.301565236,55,1.057692308
28,11409,10,10,1.328156617,0.569209979,0.032514671,3.647619048,5.283333333,3.691450353,0,0.25,0.3,0.666666667,4,2,0.555555556,0.662610229,4,17.83431633,0.936578886,0.279399343,2.194250629,5.949668638,0.094794426,0.652053808,7,644,99,0.022727273,0.444334765,10,1
29,11449,11,11,1.452736478,0.7400733,0.019506506,5.761904762,4.95,5.556692714,0.222222222,0.555555556,0.545454545,0.7,4,2,0.7,0.557777778,3,10.34613848,0.90948378,0.886716215,1.037416951,2.438179636,0.074674425,0.38356137,8,866,119,0.018181818,0.405978612,11,1
30,11460,13,13,1.557427474,0.87471954,0.022449985,7.583333333,5.426190476,6.571060277,0.227272727,0.636363636,0.461538462,0.666666667,6,2,0.75,0.511742424,3,12.13896612,1.157092204,1.945599626,0.685433111,1.649752527,0.082094367,0.465753699,9,1378,185,0.014084507,0.411683611,13,1
31,11477,144,13,1.578762097,0.981392655,0.005265361,9.6,4.328968254,6.856917353,0.636363636,0.818181818,0.461538462,0.833333333,4,2,0.833333333,0.386210317,2,9.948105723,2.027697774,4.152580413,1.657642807,4.840852197,0.034303427,0.246575342,12,1556,155,0.011363636,0.34815564,144,11.07692308
32,11483,96,27,1.283000598,0.698522548,0.007619319,16.41454545,12.51230159,14.20088021,0.09,0.52,0.555555556,0.423076923,8,2,0.730769231,0.525921359,7,21.06481747,-1.272374261,4.015473418,1.249900648,3.474268151,0.045248821,0.345205479,15,9528,815,0.004444444,0.364773463,96,3.555555556
33,11496,32,21,1.091089451,0.342913828,0.01685601,8.717703349,11.06666667,10.96812097,0.105263158,0.368421053,0.428571429,0.35,8,4,0.55,0.677574786,7,16.91296333,-0.273024986,3.450174933,1.363019723,3.31647477,0.070338385,0.405478082,13,5098,503,0.00621118,0.342581316,32,1.523809524
34,11497,20,19,1.219525743,0.495055005,0.0211126,6.917455094,10.17619048,9.861357245,0.117647059,0.294117647,0.157894737,0.444444444,8,4,0.5,0.681166056,7,15.76093021,-0.028770529,2.428525939,1.999698781,6.348140388,0.07662152,0.46301863,11,3898,431,0.007575758,0.387750908,20,1.052631579
35,11528,19,19,1.907772945,1.400643428,0.017665343,14.49230769,5.751562327,6.139507675,0.352941176,0.764705882,0.315789474,0.833333333,6,2,0.833333333,0.334584111,3,42.09069774,1.849907372,6.176239548,1.823274475,4.548635069,0.070640669,0.550683836,16,4324,365,0.00617284,0.389884501,19,1
36,11551,21,21,1.298916013,0.571523046,0.018582476,9.833333333,10.20952381,8.949335267,0.263157895,0.473684211,0.428571429,0.4,10,4,0.55,0.631089744,6,29.81620931,0.083713808,3.436939669,1.832569698,5.348245366,0.070002862,0.632876712,13,5074,517,0.006289308,0.397710006,21,1
37,11579,9,8,1.281631041,0.486135912,0.031876931,2.666666667,4.083333333,3.906595086,0.333333333,0.333333333,0,0.714285714,4,2,0.428571429,0.683333333,3,8.278291202,1.119716836,0.763141945,0.896562192,2.226853217,0.086729726,0.479452055,7,374,57,0.029411765,0.481281237,9,1.125
38,11594,19,19,1.605910137,0.929737448,0.044257042,9.873626374,8.412301587,8.224156375,0.176470588,0.529411765,0.315789474,0.555555556,8,4,0.666666667,0.562604394,5,25.49314049,0.450465797,3.51330802,2.716629805,9.552409965,0.102925637,0.802739726,11,3642,411,0.008196721,0.391122663,19,1
39,11634,18,18,1.571348403,0.942809042,0.025184751,10.23549784,8.162301587,9.298603396,0.125,0.5,0.5,0.588235294,6,2,0.705882353,0.5286667,5,15.17564091,0.72714721,3.065785535,1.446892946,4.12012717,0.079359066,0.526027671,11,3232,359,0.008474576,0.384504668,18,1
40,11687,19,11,1.206045378,0.383741711,0.162982055,5.111111111,5.166666667,4.862300468,0.277777778,0.555555556,0.272727273,0.5,6,2,0.6,0.636666667,3,12.4824242,1.745956688,-0.885954452,1.888181562,5.559034027,0.197985135,0.909589315,10,984,109,0.014925373,0.405453118,19,1.727272727
41,11689,13,13,1.386750491,0.661373311,0.074241767,7.2,5.426190476,6.548087917,0.454545455,0.636363636,0.230769231,0.666666667,6,2,0.666666667,0.541468254,3,10.97813423,0.910807234,1.457995368,1.643727082,4.492173593,0.095809333,1.065753151,11,1506,161,0.011904762,0.37144135,13,1
42,11736,9,9,1.296296296,0.555555556,0.018663733,4.214285714,4.283333333,3.172715904,0.285714286,0.428571429,0.333333333,0.75,4,2,0.625,0.598214286,3,17.58958701,0.32712536,0.4900304,1.510277474,3.917503808,0.063588486,0.399997808,8,518,81,0.025,0.467683869,9,1
43,12234,14,14,1.259945855,0.572702661,0.060649769,7.822222222,6.592857143,6.760664231,0.25,0.5,0.642857143,0.615384615,6,2,0.692307692,0.559532135,4,14.09382996,0.826342488,1.056647299,0.971354302,3.26177789,0.110147997,1.03561789,11,1772,195,0.011363636,0.39790259,14,1
44,12272,17,17,1.169877721,0.428004044,0.058209976,8.628571429,8.233333333,8.082479081,0.133333333,0.466666667,0.529411765,0.4375,8,4,0.6875,0.602777778,5,17.71241095,0.789415508,2.94887068,0.748274438,2.113136777,0.08674231,1.134247753,13,3060,311,0.007936508,0.40257278,17,1
45,12543,117,9,1.62962963,1.037037037,0.041180232,7,2.592857143,4.689193834,1,1,0.333333333,1,2,1,0.875,0.339732143,1,6.984426272,2.670602402,2.681187713,1.424719717,3.994357479,0.081853325,0.47671074,9,536,71,0.022727273,0.416925606,117,13
46,12544,116,10,1.707629936,1.138419958,0.020911487,8,2.717857143,5.255163653,1,1,0.3,1,2,1,0.888888889,0.314329806,1,7.552535957,2.507309027,3.400304667,1.485267775,4.311251856,0.045698537,0.479449863,10,732,89,0.018518519,0.395645371,116,11.6
47,12545,115,46,1.493651121,0.987220054,0.008094295,25.5396735,21.02844141,24.19564004,0.051948052,0.454545455,0.391304348,0.422222222,16,8,0.622222222,0.541035086,13,35.83670468,-2.265907508,8.072859333,1.759891783,5.925114248,0.050401594,0.260275342,24,39852,2573,0.001814882,0.34896782,115,2.5
48,12546,93,93,1.472917407,1.084896773,0.022934544,55.26072312,42.75048199,46.3038071,0.034188034,0.450549451,0.419354839,0.282608696,16,6,0.695652174,0.517942309,26,91.15465519,-7.906186091,13.69857034,1.87457701,6.028440418,0.085856888,0.60000137,31,221250,9675,0.000642261,0.264485122,93,1
49,12638,22,22,1.104767348,0.407019549,0.007573003,8.972727273,12.09285714,10.39445546,0.1,0.3,0.409090909,0.380952381,10,4,0.571428571,0.673738299,8,25.50225438,-0.720165952,1.53174199,1.123958433,3.308235883,0.048613275,0.279452603,12,5324,567,0.006578947,0.382068219,22,1
50,12730,61,58,1.299480905,0.805949829,0.005389744,31.62601794,27.02338772,29.62946399,0.060714286,0.428571429,0.362068966,0.280701754,14,6,0.666666667,0.544051189,17,53.2594274,-4.986001352,8.138313019,1.27143193,3.760525613,0.040528316,0.350687671,22,64460,4151,0.00149925,0.312137937,61,1.051724138
51,12791,11,11,1.397916234,0.685253056,0.012591314,5.833333333,4.95,3.576356529,0.222222222,0.555555556,0.545454545,0.7,4,2,0.7,0.556190476,3,24.37681257,1.087272468,1.503594269,0.883609921,2.296041774,0.059866455,0.312328493,9,902,111,0.016949153,0.400335838,11,1
52,12916,16,13,1.514758228,0.87471954,0.006412142,8.1,5.217857143,6.828470783,0.227272727,0.636363636,0.461538462,0.75,4,2,0.75,0.473710317,3,10.29332145,1.61897068,3.366770714,1.248446275,3.332895372,0.040593045,0.263010411,11,1478,161,0.012195122,0.38553056,16,1.230769231
53,12931,8,8,1.149048519,0.265165043,0.012018198,2.666666667,4.333333333,3.110586626,0,0.333333333,0.75,0.571428571,4,2,0.428571429,0.761904762,3,13.51617822,2.161831886,0.48641432,0.860182104,2.808234845,0.056720873,0.317807671,6,364,65,0.032258065,0.483604271,8,1
54,13200,46,22,1.075694523,0.358564841,0.005444135,9.8,11.7,11.61495629,0.15,0.4,0.545454545,0.333333333,10,4,0.619047619,0.664015909,7,16.64900286,-0.892714825,2.141449423,1.067126843,2.9884332,0.038876874,0.219175674,11,5426,551,0.006369427,0.387985863,46,2.090909091
55,13201,30,29,1.069349016,0.416213689,0.007202915,15.29757835,14.37619048,15.2070734,0.092592593,0.481481481,0.517241379,0.285714286,12,4,0.642857143,0.603018707,8,23.19685804,-1.027274543,4.233389191,1.906759479,6.639916693,0.045294987,0.326027973,14,11582,955,0.00390625,0.354137265,30,1.034482759
56,13254,21,9,1.148148148,0.333333333,0.007235841,3.928571429,4.583333333,4.747352256,0.285714286,0.428571429,0.666666667,0.625,6,2,0.625,0.666666667,3,6.8507161,0.717965357,-0.378377904,-0.054492812,1.880336119,0.041197167,0.210958904,8,526,81,0.024390244,0.45022522,21,2.333333333
57,13255,14,14,1.33630621,0.572702661,0.00511396,6.590909091,6.533333333,6.984663311,0.208333333,0.5,0.214285714,0.538461538,6,2,0.615384615,0.60646661,4,14.00164534,1.203270906,3.219636656,1.727538668,4.512085439,0.038482133,0.243835288,11,1788,191,0.010989011,0.371993486,14,1
58,13279,16,13,1.60009672,1.002727278,0.00555876,8.484848485,4.828968254,6.659750794,0.318181818,0.636363636,0.230769231,0.833333333,4,2,0.75,0.427882997,3,11.80425282,1.580758869,2.719069049,1.641543079,4.639578836,0.040657894,0.230134247,12,1518,173,0.012195122,0.412868118,16,1.230769231
59,13303,10,9,1.407407407,0.666666667,0.002696134,5.2,3.783333333,4.642032468,0.285714286,0.714285714,0.666666667,0.75,4,2,0.75,0.54389881,2,7.970078763,1.784732324,2.226847008,1.329658383,3.327468369,0.026585422,0.136986575,7,500,83,0.026315789,0.468583956,10,1.111111111
60,13369,170,168,1.006645664,0.609865621,0.011129695,90.09982275,82.565175,86.53230254,0.015729585,0.409638554,0.446428571,0.119760479,36,14,0.652694611,0.579552189,50,147.3943875,-17.79108705,20.78697982,1.738635205,6.347113376,0.057127919,0.775342274,33,824456,31979,0.000326052,0.241049648,170,1.011904762
61,13538,124,26,1.078638743,0.384689342,0.041941628,12.54089636,13.59285714,13.49363106,0.083333333,0.416666667,0.692307692,0.32,10,4,0.64,0.65101462,8,20.12692174,-0.534182926,4.420261269,1.553529572,4.236020284,0.074880397,0.980820822,13,8378,821,0.004950495,0.3726713,124,4.769230769
62,13539,101,94,1.273914965,0.797705581,0.021003632,46.01630334,46.38681082,44.81138202,0.027173913,0.391304348,0.382978723,0.193548387,26,8,0.634408602,0.598795911,29,104.7224989,-6.476478192,16.97760445,2.330463198,7.816201729,0.075456037,0.802741096,25,208406,11133,0.000754148,0.296475862,101,1.074468085
63,13616,12,8,1.325825215,0.618718434,0.114684298,4.666666667,3.283333333,3.531446896,0.666666667,0.666666667,0.375,0.857142857,4,2,0.714285714,0.516666667,2,9.506160698,1.737780691,0.763141945,0.988704346,2.359856488,0.176583751,0.797259827,8,388,55,0.027777778,0.448793538,12,1.5
64,13618,9,9,1.296296296,0.481481481,0.055115376,3.333333333,4.583333333,4.497912335,0,0.428571429,0.333333333,0.625,4,2,0.5,0.684375,3,8.358787075,0.717965357,0.4900304,1.722465337,4.403000108,0.121562665,0.621917808,7,502,73,0.025,0.426878566,9,1
65,13642,10,10,1.39140217,0.632455532,0.027772899,4.714285714,4.783333333,5.029749208,0,0.5,0.6,0.666666667,4,2,0.555555556,0.618165785,3,9.395375416,1.353448871,1.881143908,1.157291799,2.343305234,0.073369863,0.589041096,7,664,105,0.022222222,0.455420293,10,1
66,13651,11,11,1.507556723,0.7400733,0.021612048,5,4.95,5.560173932,0.277777778,0.555555556,0.272727273,0.7,6,2,0.5,0.616944444,3,10.29163461,1.433365091,2.439547947,1.354583076,3.025010588,0.078840616,0.405479452,8,854,133,0.019607843,0.451553149,11,1
67,13732,12,12,1.563656979,0.890081665,0.028551136,6.761904762,5.092857143,4.805512409,0.3,0.6,0.5,0.727272727,4,2,0.727272727,0.51533517,3,18.87468476,1.287832651,1.457995368,2.526603053,7.624405244,0.087690335,0.528767753,9,1102,151,0.015873016,0.412491638,12,1
68,13745,56,46,1.647503597,1.115430451,0.044076428,25.44914111,21.28608614,23.62076353,0.063636364,0.454545455,0.456521739,0.355555556,14,4,0.688888889,0.549430392,13,37.97692752,-2.047377787,9.152059159,1.953363991,5.732603162,0.088385909,0.958903753,18,34404,2637,0.002188184,0.317959119,56,1.217391304
69,13756,9,9,1.444444444,0.777777778,0.014437567,5.666666667,3.45,4.305915224,0.571428571,0.714285714,0.333333333,0.875,4,2,0.75,0.467708333,2,10.02450366,1.992671761,2.226847008,1.398324984,3.639261492,0.060409315,0.4,8,526,71,0.023255814,0.413871046,9,1
70,13808,245,16,1.078125,0.265625,0.067279595,4.038095238,9.616666667,8.096719993,0,0.142857143,0.375,0.4,8,4,0.466666667,0.785396825,7,13.76087354,-0.186048243,1.377766502,1.143843198,3.043807812,0.128017939,0.734246849,9,2310,293,0.010752688,0.38794707,245,15.3125
71,13809,142,70,1.195228609,0.689817655,0.058184425,41.53209529,31.13705322,35.72909631,0.050420168,0.470588235,0.385714286,0.246376812,16,6,0.710144928,0.51865218,19,57.58413456,-4.997013438,11.1810285,1.504583788,4.248206506,0.103544834,1.076710959,30,116856,5535,0.000887311,0.239706779,142,2.028571429
72,13812,89,89,1.443502731,1.031413668,0.047698791,55.61799579,38.39615236,44.59117777,0.037037037,0.517241379,0.438202247,0.25,14,4,0.715909091,0.496199184,22,80.02733186,-6.163463774,15.73616804,1.773385422,5.40861651,0.083785698,1.249315068,28,205080,8991,0.000668896,0.239544151,89,1
73,13904,33,30,1.223247045,0.663352875,0.006557035,19.57521645,12.80321068,15.61946728,0.107142857,0.571428571,0.5,0.448275862,10,4,0.75862069,0.485209235,7,25.15280829,-1.07987673,4.853749192,1.428283551,3.935911453,0.044550938,0.317807123,18,13574,1005,0.003355705,0.363932192,33,1.1
74,13929,8,8,1.193242693,0.397747564,0.004737402,3.166666667,4.083333333,3.79486921,0.333333333,0.333333333,0.375,0.714285714,4,2,0.571428571,0.666666667,3,9.22355775,0.462652749,-0.174049917,0.150962002,1.298197845,0.034503426,0.178082192,7,370,61,0.03030303,0.457654818,8,1
75,13952,51,50,1.004091629,0.461033621,0.004202253,24.53162806,26.00321068,25.49049738,0.045833333,0.375,0.54,0.244897959,22,6,0.653061224,0.613415595,16,46.37587523,-4.24989604,7.122814422,1.038373282,2.687743507,0.034418778,0.347945753,19,42898,2925,0.001897533,0.346500472,51,1.02
76,14003,38,38,1.131280963,0.516547157,0.010450283,17.86666667,18.95515873,19.32033079,0.064814815,0.388888889,0.315789474,0.27027027,12,6,0.621621622,0.603520444,12,35.2752482,-1.589190109,7.304886477,1.640190618,4.922457867,0.0553238,0.419179753,17,24510,1781,0.002415459,0.274638903,38,1
77,14054,419,73,1.029320774,0.554742972,0.01011766,46.6302942,30.53215396,38.44696078,0.048513302,0.577464789,0.452054795,0.208333333,18,4,0.75,0.493947666,16,55.7432693,-3.485677722,15.89216181,1.763794591,5.409989083,0.048214729,0.498630685,27,123700,6437,0.000974659,0.298849303,375,5.136986301
78,14056,389,136,1.048537305,0.662665489,0.009572026,89.48897517,52.02437888,70.58996507,0.032515991,0.552238806,0.286764706,0.222222222,26,8,0.748148148,0.442569261,31,115.2888316,-6.179997372,31.81521949,2.364432027,8.577616018,0.055118435,0.498629863,51,674010,23901,0.000335008,0.243232694,389,2.860294118
79,14061,166,33,1.593074306,1.08666658,0.055636934,20.64177037,13.10621919,15.78310313,0.112903226,0.548387097,0.272727273,0.5625,8,2,0.71875,0.457893981,8,35.01698407,0.731582933,7.678977753,2.506604423,9.294314083,0.120311585,0.865752849,23,18972,1283,0.002617801,0.352491443,166,5.03030303
80,14063,133,23,1.24202064,0.589279866,0.002617203,15.91596639,8.945634921,12.1165318,0.166666667,0.714285714,0.52173913,0.454545455,6,2,0.818181818,0.476795208,4,17.93505844,-0.180601485,-0.425999812,2.367440671,8.167036312,0.02489068,0.246575096,16,7010,611,0.004975124,0.366931732,133,5.782608696
81,14067,65,41,1.184635121,0.620885931,0.003158575,21.84812247,19.91346709,21.63847347,0.076923077,0.435897436,0.512195122,0.35,12,4,0.65,0.584459183,12,31.35778405,-1.779945542,8.132785926,1.896399022,6.354012473,0.028352199,0.246573151,20,28134,1781,0.002222222,0.327863272,65,1.585365854
82,14069,34,34,1.382076833,0.817140317,0.00841601,19.00992063,16.71987734,15.38472734,0.072916667,0.4375,0.705882353,0.393939394,8,2,0.696969697,0.565212567,10,43.47339161,-1.714657363,5.532054787,1.377609156,3.549472269,0.047660955,0.323289589,16,16716,1421,0.003257329,0.344750313,34,1
83,14115,17,17,1.526547758,0.87027489,0.011578097,8.796536797,7.662301587,7.195328256,0.2,0.466666667,0.352941176,0.625,6,2,0.6875,0.546883585,5,24.73811219,0.183605614,2.722348673,1.767102156,4.699589308,0.058871021,0.402742192,11,2902,327,0.008695652,0.398508798,17,1
84,14136,47,29,2.202730908,1.716081056,0.039765077,20.01092437,10.22288586,14.53117046,0.12962963,0.62962963,0.310344828,0.642857143,6,2,0.785714286,0.393455553,6,27.18598101,-0.154132726,6.031342968,3.313926572,14.69042892,0.109856176,0.547947397,19,12752,945,0.003367003,0.352918018,47,1.620689655
85,14150,10,10,1.264911064,0.442718872,0.100785981,4.428571429,5.083333333,4.269368456,0,0.5,0.9,0.555555556,6,2,0.555555556,0.679012346,3,12.86832178,1.07932303,-0.537406162,1.781053986,4.816719021,0.16682197,0.769863288,7,656,105,0.022727273,0.458625285,10,1
86,14182,14,12,1.611769501,0.98630671,0.019493368,6.8,4.717857143,6.008894496,0.6,0.6,0,0.818181818,4,2,0.636363636,0.472330447,3,11.64739248,1.520082378,2.945559562,1.641810568,3.913416327,0.070947654,0.471234575,11,1242,131,0.013157895,0.372478326,14,1.166666667
87,14234,54,9,1.259259259,0.444444444,0.02729989,2.214285714,5.083333333,4.669117145,0,0.142857143,0,0.625,4,2,0.375,0.744047619,4,7.415158027,0.945896335,-0.670296928,0.410526939,1.317270876,0.076780095,0.454795096,7,500,81,0.026315789,0.468456308,54,6
88,14238,27,27,1.439811782,0.812567046,0.013335161,12.88840886,13.71230159,12.49032282,0.08,0.36,0.444444444,0.423076923,8,2,0.615384615,0.604474759,9,32.63465111,-0.287495208,5.682318009,1.582066516,4.317448796,0.061499338,0.421918904,13,9156,899,0.004716981,0.360965254,27,1
89,14264,14,14,1.355396298,0.668153105,0.007284029,8.886363636,5.926190476,6.891861304,0.25,0.666666667,0.642857143,0.615384615,6,2,0.769230769,0.512327416,3,14.5520517,0.098795608,3.913563874,1.277182536,3.843691783,0.045233414,0.287670411,10,1730,221,0.012195122,0.424041773,14,1
90,14314,9,9,1.481481481,0.740740741,0.04859293,5,3.783333333,4.37220789,0.428571429,0.714285714,0.666666667,0.75,4,2,0.625,0.554315476,2,9.198594147,1.858305088,2.126814088,1.0891689,2.784145256,0.112430381,0.632878082,7,496,85,0.027027027,0.477349135,9,1
91,14445,23,22,1.143531115,0.426401433,0.027081042,9.828571429,11.50952381,11.15483692,0,0.4,0.681818182,0.380952381,12,4,0.619047619,0.656840514,7,20.12612218,-0.864594794,2.109340707,0.84753514,2.56720719,0.089550489,0.531505205,13,5700,569,0.005952381,0.381765106,23,1.045454545
92,14507,140,66,1.053737764,0.553911709,0.004213162,35.69869839,31.64838772,34.85542611,0.042410714,0.40625,0.409090909,0.246153846,18,4,0.676923077,0.556993115,20,49.92074442,-5.217254845,10.49548509,2.299964573,9.045445343,0.031908155,0.369863507,25,94990,5547,0.001137656,0.302241941,140,2.121212121
93,14509,110,105,0.999135789,0.56044547,0.007066592,55.72516314,49.25927545,54.67634892,0.02815534,0.398058252,0.285714286,0.163461538,28,6,0.653846154,0.548420077,32,87.82848443,-8.672660732,16.6681982,2.241959687,8.647835103,0.045757101,0.553424849,32,297022,13595,0.000601323,0.299714665,110,1.047619048
94,14619,19,15,1.153288374,0.361478446,0.015488022,6.61025641,7.533333333,7.589565159,0.230769231,0.384615385,0.4,0.5,8,2,0.642857143,0.647704082,5,14.08743452,0.818449182,2.346523257,1.577219922,3.942008737,0.067433644,0.476711233,12,2190,219,0.00952381,0.341163629,19,1.266666667
95,14649,9,9,1.481481481,0.814814815,0.173157149,5.6,3.45,3.469136316,0.357142857,0.714285714,0.333333333,0.875,4,2,0.75,0.46889881,2,12.11680328,2.394844777,-0.378377904,2.041241452,5.166666667,0.182851344,1.098630137,8,512,75,0.024390244,0.438987917,9,1
96,14666,20,18,1.663010393,1.034471032,0.016018888,9.464285714,7.928968254,8.973919352,0.145833333,0.5,0.333333333,0.647058824,8,4,0.647058824,0.536843246,5,17.77297334,1.043938824,3.849788441,1.801433084,4.668441778,0.069474037,0.331506904,12,3362,365,0.007936508,0.399373819,20,1.111111111
97,14686,123,45,1.424458119,0.927554124,0.006928462,23.70847344,21.99739566,23.69896157,0.050387597,0.395348837,0.4,0.386363636,8,2,0.636363636,0.558807349,14,34.76636684,-2.225449429,8.35960658,1.899911995,6.280366547,0.045608037,0.353423233,23,39140,2125,0.00166113,0.323300512,123,2.733333333
98,14687,100,84,1.884727135,1.500247995,0.009894164,46.20166128,38.39383771,43.77100854,0.036585366,0.414634146,0.25,0.34939759,18,6,0.65060241,0.515525549,25,69.58127144,-5.916923132,15.38133336,2.323833123,8.140047385,0.053871712,0.517808493,36,200882,7953,0.000623441,0.316341713,100,1.19047619
99,14787,13,10,1.296533841,0.537587202,0.01191714,3.683333333,5.283333333,5.136780907,0,0.25,0.3,0.666666667,4,2,0.555555556,0.662169312,4,8.890951698,0.282714411,0.279399343,1.272424581,3.117525643,0.057561707,0.268493151,8,670,99,0.02173913,0.451189227,13,1.3
100,14808,26,26,1.327555376,0.678863545,0.008506801,15.60757576,11.25515873,12.1504965,0.104166667,0.583333333,0.576923077,0.4,8,2,0.72,0.52871917,6,30.92819856,-0.674116492,4.671319961,2.07992994,7.394043593,0.042477924,0.394520274,17,9736,721,0.003861004,0.341890108,26,1
101,14834,30,17,1.654948971,1.055743309,0.021903173,9.646153846,7.428968254,8.566156771,0.133333333,0.466666667,0.352941176,0.6875,4,2,0.6875,0.499682349,5,16.02764462,1.017051606,3.956144451,1.969008795,6.503682353,0.072351444,0.726025603,12,2832,317,0.009009009,0.386096584,30,1.764705882
102,14837,26,21,1.465177263,0.841697577,0.067986934,11.8531746,9.212301587,10.19935056,0.105263158,0.473684211,0.285714286,0.55,6,2,0.7,0.514715007,6,20.89548509,0.157597995,3.9665859,1.922611451,5.508084782,0.140713585,0.972600781,15,5282,477,0.005714286,0.344319377,26,1.238095238
103,14841,14,14,1.641747629,1.03086479,0.047722187,8.014285714,5.828968254,7.079819674,0.166666667,0.5,0.214285714,0.769230769,4,2,0.692307692,0.481313985,4,12.5034014,1.429925338,2.355249261,1.57065735,4.42408457,0.111503932,0.723286082,11,1724,199,0.011627907,0.381851595,14,1
104,14865,11,10,1.328156617,0.569209979,0.009007711,4.761904762,4.783333333,5.074442156,0,0.5,0.6,0.666666667,4,2,0.666666667,0.608641975,3,9.380723687,1.596256359,1.792957498,1.162483102,3.251378053,0.049479644,0.342466301,8,676,95,0.020833333,0.427783719,11,1.1
105,14889,155,87,1.889136225,1.53915926,0.014365468,58.92169087,31.64285576,45.69743188,0.057352941,0.552941176,0.344827586,0.511627907,14,4,0.73255814,0.411798066,20,66.67126957,-4.389180375,17.98866147,1.481489041,4.37518927,0.047272262,0.980821096,51,289690,7801,0.000417885,0.248981218,155,1.781609195
106,14890,147,138,1.827734131,1.498334865,0.011987934,89.64611917,53.47496142,70.53658872,0.027941176,0.514705882,0.347826087,0.416058394,22,6,0.715328467,0.444344194,34,125.0766442,-8.467903578,27.23042333,1.753769312,5.737447048,0.061085403,0.589039726,67,961746,20369,0.000198965,0.287163055,147,1.065217391
107,15044,17,17,1.74054978,1.084276912,0.004695156,8.068181818,7.828968254,5.386394862,0.266666667,0.466666667,0.352941176,0.625,8,4,0.5625,0.576625198,5,39.61077016,0.826464513,3.259792073,2.104480726,5.841851033,0.036251523,0.227396986,11,2756,329,0.009433962,0.403533777,17,1
108,15072,19,8,1.458407736,0.751300955,0.028190635,4.333333333,3.283333333,4.173470633,0.5,0.666666667,0.375,0.857142857,4,2,0.714285714,0.525170068,2,6.332303168,1.776780923,1.700333807,1.2588644,3.289192076,0.069092333,0.531506301,7,358,63,0.032258065,0.48613193,19,2.375
109,15073,18,9,1.185185185,0.37037037,0.009534627,3.761904762,4.583333333,4.702384428,0,0.428571429,0.666666667,0.625,4,2,0.625,0.670833333,3,7.361277088,1.285214167,1.358438704,1.598270412,4.195215814,0.049720954,0.260273425,8,528,79,0.023809524,0.480236519,18,2
110,15074,14,14,1.259945855,0.458162129,0.036730341,6.272727273,6.866666667,6.776949866,0.208333333,0.5,0.428571429,0.461538462,8,2,0.538461538,0.662968442,4,14.68299217,0.758071758,1.831782221,1.895317032,6.14806103,0.103508413,0.534245205,10,1684,217,0.0125,0.4258709,14,1
111,15122,16,16,1.140625,0.359375,0.028143193,7.39047619,8.066666667,8.044177643,0.142857143,0.428571429,0.5625,0.4,8,2,0.666666667,0.645343915,5,15.14115064,0.144317333,0.994436667,1.157974677,3.311959975,0.082769457,0.460271507,12,2582,263,0.008849558,0.40122161,16,1
112,15148,13,9,1.296296296,0.481481481,0.007505037,3.333333333,4.583333333,4.725286597,0,0.428571429,0.333333333,0.625,4,2,0.5,0.684375,3,7.14221869,1.285214167,0.4900304,0.668035602,1.895165564,0.045797399,0.224657507,7,502,73,0.025,0.426878566,13,1.444444444
113,15170,15,14,1.221765677,0.496342306,0.029210781,8.666666667,6.033333333,7.251805912,0.25,0.666666667,0.642857143,0.538461538,6,2,0.769230769,0.534401709,3,11.56199592,0.852536587,1.051256628,0.603390095,1.703391456,0.08462403,0.50684937,12,1864,213,0.010869565,0.428903176,15,1.071428571
114,15186,18,17,1.45521375,0.77040728,0.048700977,7.243506494,8.717857143,8.448141975,0.133333333,0.333333333,0.352941176,0.5625,8,2,0.5625,0.630142514,6,15.83093578,0.191941019,1.99171609,1.229916888,3.182695155,0.069924812,0.980823014,10,2660,329,0.01,0.408220655,18,1.058823529
115,15216,121,22,2.05447963,1.569932548,0.012507663,15.0894958,7.380728993,11.47875931,0.166666667,0.6,0.136363636,0.80952381,4,2,0.761904762,0.366695753,5,17.99462302,1.211176409,5.704444159,2.822336439,10.78449465,0.059560667,0.394520822,18,6504,477,0.004672897,0.297511469,121,5.5
116,15220,79,79,1.119391253,0.626631236,0.006788934,41.7256216,36.97852148,40.39410297,0.045454545,0.428571429,0.379746835,0.192307692,22,4,0.653846154,0.556834132,23,72.13125272,-5.893182716,13.26413967,1.660311597,4.963142337,0.045464287,0.4,29,167540,8049,0.00075188,0.280145025,79,1
117,15300,33,20,1.677050983,1.140394669,0.018823115,13.08888889,7.680133755,10.32663696,0.222222222,0.555555556,0.3,0.736842105,6,2,0.736842105,0.426120362,5,17.14395939,0.378869109,4.185844817,2.690917108,9.850355482,0.073513625,0.553424658,17,5084,411,0.005555556,0.351628351,33,1.65
118,15308,10,10,1.328156617,0.569209979,0.044954802,3.35,5.283333333,4.809090231,0,0.25,0,0.666666667,4,2,0.444444444,0.671428571,4,10.60334238,0.843616238,1.096204849,1.568451185,3.889822088,0.109314959,0.698630137,8,684,99,0.020833333,0.426304891,10,1
119,15344,730,80,2.729400475,2.393990278,0.028467014,60.19372113,23.18306704,41.11501224,0.053418803,0.666666667,0.1875,0.544303797,10,4,0.797468354,0.31716746,14,68.4086363,-0.640428407,23.70623215,2.342306337,7.094970297,0.083103805,1.005481507,47,234094,6469,0.000470146,0.347961655,671,8.3875
120,15345,729,251,2.688737274,2.418153538,0.035926848,172.6544333,89.99978948,129.340514,0.016341227,0.582329317,0.322709163,0.268,24,6,0.76,0.406415204,53,208.428611,-15.0099696,51.11502717,2.490398057,9.133456565,0.096078538,1.205479726,70,3424144,82561,0.000122264,0.275720326,712,2.836653386
121,15401,203,188,3.511622083,3.245496061,0.008485958,125.3826304,73.31621153,97.2671666,0.013739546,0.505376344,0.39893617,0.395721925,16,6,0.737967914,0.425296592,47,162.3329346,-12.82888926,35.86307798,1.944149491,6.081088301,0.052007874,0.520549589,76,1970152,43049,0.000141985,0.293230396,203,1.079787234
122,15527,40,40,1.233288287,0.664078309,0.060187425,23.85617176,17.56273449,16.87543859,0.065789474,0.526315789,0.45,0.333333333,12,4,0.743589744,0.514074786,10,55.16786501,-1.508210909,5.280533023,1.402431369,3.573497515,0.12490573,0.838356712,20,27584,1937,0.00228833,0.309980784,40,1
123,15630,18,18,1.793956093,1.243984152,0.060868243,11.80833333,6.603210678,7.567197645,0.25,0.625,0.333333333,0.764705882,4,2,0.764705882,0.415169145,4,25.06191922,1.405885511,4.478746865,1.945557477,5.289554865,0.117131744,0.805479452,15,3726,349,0.006896552,0.369794124,18,1
124,15683,35,14,1.546297185,0.935414347,0.021612371,9.166666667,5.328968254,7.268838553,0.291666667,0.666666667,0.428571429,0.769230769,4,2,0.769230769,0.442438117,3,11.5393181,1.675454805,1.056647299,1.469290998,4.448642803,0.060679372,0.613700822,13,1926,181,0.01,0.402760799,35,2.5
125,15685,31,13,1.557427474,0.917388786,0.070523486,8.055555556,5.217857143,6.215052012,0.181818182,0.636363636,0.461538462,0.75,4,2,0.75,0.474341631,3,13.50235653,1.314730298,1.84379973,2.273692194,7.079005739,0.128524076,1.010958904,10,1426,161,0.012820513,0.364616156,31,2.384615385
126,15689,11,10,1.201665511,0.379473319,0.012419168,3.083333333,5.583333333,4.655717994,0,0.25,0.3,0.555555556,4,2,0.444444444,0.733333333,4,11.93789052,0.282714411,0.279399343,1.141477221,2.97983356,0.059315096,0.334246301,7,676,101,0.021276596,0.418242808,11,1.1
127,15728,20,20,2.02364152,1.464624525,0.033035997,11.5,8.103210678,8.799843372,0.444444444,0.555555556,0.3,0.684210526,6,2,0.684210526,0.468759671,5,26.34228427,1.11911722,5.398338777,3.873360242,16.02303409,0.0859178,0.887671233,14,4574,425,0.006410256,0.393440941,20,1
128,15775,22,21,1.444394607,0.82091492,0.007125057,11.58947368,10.16230159,10.64355418,0.105263158,0.473684211,0.714285714,0.5,8,2,0.7,0.560001616,6,19.83011408,-0.273919877,3.456467585,0.954115905,2.20222191,0.04352515,0.40000274,13,5006,501,0.006369427,0.376931236,22,1.047619048
129,15830,42,9,1.259259259,0.444444444,0.015603528,3.666666667,4.583333333,4.649438705,0,0.428571429,0.666666667,0.625,6,2,0.625,0.673958333,3,7.753073334,1.295060973,1.358438704,1.21279735,3.097782908,0.063182858,0.378081918,7,492,79,0.026315789,0.460441246,42,4.666666667
130,15855,11,10,1.423024947,0.664078309,0.029521899,4.666666667,4.783333333,5.201935807,0.25,0.5,0.6,0.666666667,4,2,0.555555556,0.61882716,3,8.029748348,0.862199009,1.068303948,1.139368546,2.525792199,0.075780745,0.594519452,7,646,105,0.023255814,0.458248043,11,1.1
131,15872,9,9,1.296296296,0.555555556,0.009651741,4.214285714,4.283333333,4.480296463,0.285714286,0.428571429,0.333333333,0.75,4,2,0.625,0.598214286,3,9.012122883,1.231916744,0.4900304,0.102114288,1.272738623,0.050735491,0.339725205,8,518,81,0.025,0.467683869,9,1
132,15881,9,9,1.333333333,0.592592593,0.000761899,5.333333333,3.783333333,4.416255009,0.428571429,0.714285714,0.666666667,0.75,4,2,0.75,0.538541667,2,9.523931874,1.784732324,2.226847008,1.790777558,4.59996543,0.012853274,0.106851397,8,520,73,0.023809524,0.420655858,9,1
133,15904,10,10,1.517893277,0.885437745,0.012463545,6.714285714,3.592857143,5.095159768,0.625,0.75,0.3,0.888888889,4,2,0.777777778,0.427425044,2,9.196039497,1.922817678,1.881143908,1.569765732,4.058727263,0.056849317,0.293150685,9,720,89,0.018867925,0.394976971,10,1
134,15917,8,8,1.325825215,0.618718434,0.004580647,4.666666667,3.283333333,4.167084662,0.666666667,0.666666667,0.375,0.857142857,4,2,0.714285714,0.516666667,2,6.721949445,1.776780923,0.763141945,0.808716212,2.533061999,0.034888415,0.191777781,8,388,55,0.027777778,0.448793538,8,1
135,15928,66,65,2.518859226,2.129580982,0.028686799,40.49468368,24.87213156,32.03717183,0.053571429,0.523809524,0.276923077,0.53125,10,4,0.703125,0.442014075,16,65.36472271,-2.945992588,14.5827309,2.310909981,8.117906484,0.093660533,0.663016986,35,110704,4831,0.000851064,0.262483194,66,1.015384615
136,16005,34,27,1.411300658,0.784055921,0.011881136,13.02606061,12.50515873,13.33138113,0.12,0.44,0,0.384615385,8,2,0.576923077,0.563882784,8,27.62390669,-0.453117159,3.910323463,1.790947892,5.270196073,0.06117573,0.328765479,16,10292,841,0.003968254,0.367618493,34,1.259259259
137,16010,14,10,1.39140217,0.695701085,0.091849137,5.25,4.45,3.660126504,0.25,0.5,0.3,0.777777778,4,2,0.666666667,0.543650794,3,16.89474573,1.231916744,1.096204849,1.938943526,5.152802447,0.14260234,0.854791781,9,704,101,0.020408163,0.457629006,14,1.4
138,16075,9,9,1.333333333,0.592592593,0.000937277,5.333333333,3.783333333,4.214486286,0.428571429,0.714285714,0.666666667,0.75,4,2,0.75,0.538541667,2,10.75568148,1.779312628,1.204563396,1.240375244,3.47968249,0.014680129,0.112331507,8,520,73,0.023809524,0.420655858,9,1
139,16084,22,22,1.686223848,1.085385465,0.018127729,12.425,9.436544012,7.896080133,0.133333333,0.5,0.409090909,0.619047619,8,4,0.666666667,0.514222063,6,41.67008394,-0.102673048,3.839960793,1.603251824,3.790158083,0.069580016,0.542466027,14,5636,525,0.005847953,0.375459433,22,1
140,16106,14,14,1.088135056,0.209990976,0.003038306,3.533333333,8.166666667,7.383607705,0,0.166666667,0.214285714,0.384615385,8,4,0.384615385,0.785897436,6,10.79402365,-0.129300882,1.137855004,0.99117019,2.880965745,0.029410512,0.189043781,10,1734,195,0.011363636,0.35872235,14,1
141,16127,14,14,1.221765677,0.458162129,0.038350947,8.6,5.733333333,6.988525119,0.333333333,0.666666667,0.428571429,0.538461538,6,2,0.692307692,0.533333333,3,13.3621211,1.648335515,3.913563874,1.255696278,3.264438059,0.106024412,0.545204384,13,1944,195,0.009803922,0.356118929,14,1
142,16140,14,8,1.104854346,0.220970869,0.003866599,2.666666667,4.333333333,4.222212308,0,0.333333333,0.75,0.571428571,6,2,0.571428571,0.752380952,3,6.113736115,1.068765752,0.763141945,0.847242853,2.541313383,0.032919598,0.161643836,7,374,63,0.03030303,0.479599805,14,1.75
143,16142,8,8,1.193242693,0.397747564,0.012686237,4.333333333,3.583333333,4.15511387,0.5,0.666666667,0.75,0.714285714,4,2,0.714285714,0.597619048,2,6.740564335,1.119716836,-0.174049917,0.498262068,1.950348258,0.058604426,0.306849315,8,394,55,0.027027027,0.449092833,8,1
144,16185,13,13,1.344081245,0.576034819,0.074968916,6.133333333,6.283333333,6.001518241,0.272727273,0.454545455,0.461538462,0.583333333,6,2,0.583333333,0.627777778,4,14.71886783,1.048279002,2.002313367,2.719189678,8.626893327,0.145643223,0.81369863,9,1350,189,0.014705882,0.432078091,13,1
145,16396,140,18,1.885618083,1.335646142,0.040431692,11.78571429,6.603210678,9.295967837,0.1875,0.625,0.333333333,0.764705882,6,2,0.764705882,0.415281801,4,14.66144558,1.055254976,4.432916632,1.455034003,3.746112878,0.093395681,0.819176986,14,3592,343,0.007092199,0.394950017,140,7.777777778
146,16400,57,28,1.221635172,0.587194806,0.013305639,15.89056777,12.10515873,13.85704652,0.173076923,0.538461538,0.321428571,0.407407407,10,2,0.703703704,0.530639098,7,28.40380342,0.164104451,5.632011063,1.32994798,3.985675828,0.063094097,0.438356164,19,11870,965,0.003649635,0.370314361,57,2.035714286
147,16403,26,17,1.112810515,0.370936838,0.021076902,7.388888889,9.033333333,8.668819349,0.133333333,0.333333333,0.529411765,0.4375,8,4,0.625,0.653361742,6,15.38276179,0.055416381,0.589447251,0.960106127,2.677364553,0.075441775,0.394519726,12,2908,315,0.008695652,0.382679513,26,1.529411765
148,16405,11,11,1.343095989,0.630432811,0.060673534,4.944444444,5.45,4.710101037,0.222222222,0.333333333,0.272727273,0.7,4,2,0.6,0.601388889,4,14.75603002,1.002221135,0.110300349,0.907551226,3.007353741,0.13046511,0.63835589,9,882,121,0.018181818,0.442668103,11,1
149,16456,54,29,1.331883805,0.729974778,0.001732852,16.48331941,13.05321068,15.34132639,0.101851852,0.481481481,0.310344828,0.428571429,8,2,0.678571429,0.530718173,8,21.67952071,-0.194944282,5.490204616,1.069796262,2.705349128,0.022582283,0.169860274,17,12208,1039,0.003773585,0.368832971,54,1.862068966
150,16462,18,17,1.940285,1.426680147,0.059459564,12.5,5.180133755,8.219857337,0.244444444,0.733333333,0.176470588,0.875,4,2,0.8125,0.338184298,3,17.46159364,2.13839694,3.413019922,1.405787933,3.508079175,0.124510437,0.660273973,15,3224,285,0.00729927,0.338630638,18,1.058823529
151,16496,13,8,1.104854346,0.220970869,0.020272847,2.666666667,4.333333333,4.171830791,0,0.333333333,0.75,0.571428571,6,2,0.571428571,0.752380952,3,6.479684138,1.874605999,-0.067962767,1.251403196,3.290976363,0.065667586,0.36986137,7,374,63,0.03030303,0.479599805,13,1.625
152,16513,15,15,1.394274005,0.705743632,0.051997443,8.366666667,7.092857143,6.76349608,0.153846154,0.538461538,0.8,0.571428571,6,2,0.714285714,0.568290043,4,18.00074489,0.44206861,2.278577252,1.290215024,2.936771258,0.095099086,1.024658082,10,1986,245,0.011494253,0.406983085,15,1
153,16528,8,8,1.193242693,0.397747564,0.003336863,4.333333333,3.583333333,2.84264364,0.5,0.666666667,0.75,0.714285714,4,2,0.714285714,0.597619048,2,15.79598832,1.20271023,0.763141945,1.771554004,4.167411679,0.028895535,0.191780822,8,394,55,0.027027027,0.449092833,8,1
154,16545,8,8,1.281631041,0.486135912,0.126520075,2.666666667,4.083333333,3.793498683,0.333333333,0.333333333,0,0.714285714,4,2,0.428571429,0.683333333,3,7.845328542,1.981136121,-0.24137931,1.620421341,3.849829382,0.159674636,0.824657534,7,374,57,0.029411765,0.481281237,8,1
155,16553,15,15,1.497553561,0.877876225,0.018697448,10.23333333,5.662301587,7.298558877,0.307692308,0.692307692,0.4,0.714285714,4,2,0.785714286,0.440306122,3,15.86059915,1.291926451,3.692822609,1.485235579,3.554366521,0.071695513,0.56438274,12,2190,237,0.009708738,0.410064895,15,1
156,16567,14,14,1.298126032,0.610882839,0.027320808,7.777777778,6.592857143,6.672475897,0.25,0.5,0.642857143,0.615384615,6,2,0.692307692,0.561790987,4,15.50941278,0.741741759,1.831782221,0.440587801,1.444113918,0.086623001,0.624658356,11,1760,213,0.011764706,0.422623634,14,1
157,16599,15,15,1.25656793,0.430331483,0.004167462,5.933333333,7.866666667,5.752111268,0,0.384615385,0.6,0.428571429,8,2,0.5,0.700340136,5,26.20740925,0.415962804,2.35805312,1.01489777,3.073839953,0.034605791,0.180822192,10,2018,221,0.010752688,0.372374765,15,1
158,16747,172,111,0.990202666,0.567784603,0.023128189,70.5949432,47.84265308,57.26018493,0.033168666,0.541284404,0.513513514,0.181818182,24,4,0.745454545,0.504966504,26,94.54668959,-7.374766616,19.39380629,1.804439762,5.805950896,0.083827962,0.802741096,31,328516,15337,0.000559284,0.276015251,172,1.54954955
159,16751,103,100,1.171,0.751,0.021843148,68.18359117,37.72310884,50.59030456,0.046382189,0.591836735,0.39,0.282828283,20,8,0.747474747,0.437006419,21,92.87187885,-4.958449171,21.98006743,2.110514606,7.305822843,0.083751506,0.610958356,45,322962,13041,0.000504541,0.316153428,103,1.03
160,16761,15,15,2.048377859,1.566406598,0.075998692,13,3.180133755,5.904709641,1,1,0.2,1,2,1,0.928571429,0.232254452,1,22.80901276,3.097442888,5.301418308,3.157622162,11.01203222,0.149260303,0.802739726,15,2422,209,0.008403361,0.328911836,15,1
161,16862,57,54,1.282706048,0.788776018,0.069304257,30.58360632,25.1527528,24.43479755,0.051282051,0.461538462,0.5,0.301886792,12,4,0.679245283,0.54274594,15,63.74663599,-2.185160205,9.661008175,1.26957439,3.045367046,0.14907888,0.999996712,25,63374,3153,0.001226994,0.353414931,57,1.055555556
162,17013,1491,461,2.631012712,2.439662659,0.006191861,322.309782,170.1730644,237.4936941,0.007988381,0.551198257,0.370932755,0.25,28,6,0.75,0.402195435,104,407.7077254,-26.87067358,91.16560292,2.310143513,7.780793964,0.044262942,0.331506849,148,21795068,253087,3.09E-05,0.261516311,1489,3.229934924
163,17014,1446,716,2.550204693,2.382553749,0.013163116,476.0822956,280.220806,372.3015546,0.005070383,0.523809524,0.393854749,0.197202797,40,10,0.728671329,0.436770384,171,596.7129136,-45.2535874,130.8330754,2.087069254,6.826089624,0.065657782,0.479453233,182,65343578,593097,1.58E-05,0.29818275,1445,2.018156425
164,17017,1217,908,2.615786201,2.464474829,0.028546,599.4605618,364.9183816,464.8581355,0.003565219,0.507726269,0.386563877,0.160970232,44,10,0.726571114,0.444224061,224,795.096789,-60.12867781,156.7370009,2.243556749,8.510423871,0.097051801,0.630138438,162,97226308,987555,1.50E-05,0.245653532,1216,1.339207048
165,17049,953,885,2.269500444,2.106934765,0.051326813,580.0839654,361.7335587,392.2126272,0.003486917,0.506228766,0.410169492,0.131221719,54,16,0.725113122,0.45420637,219,1114.849157,-58.26636378,145.8848902,2.165927518,7.773763603,0.128874053,1.052054521,123,68326398,985017,2.23E-05,0.221073407,952,1.075706215
166,17458,12,11,1.781657945,1.233455501,0.065569523,9,2.828968254,5.549586422,1,1,0.272727273,1,2,1,0.9,0.292896825,1,9.580604457,2.514626638,3.836919018,1.499013483,3.844316285,0.115747981,0.863014795,11,970,109,0.015384615,0.380312169,12,1.090909091
167,17473,41,13,1.173404261,0.405357836,0.033573136,6.272727273,6.366666667,6.585941979,0.272727273,0.454545455,0.461538462,0.5,6,2,0.666666667,0.617361111,4,11.81602077,-0.120712924,-0.186157007,0.468048344,2.531417139,0.094836281,0.583561096,11,1494,173,0.012345679,0.403332935,41,3.153846154
168,17476,28,26,1.244583165,0.565719621,0.004534664,13.10754752,12.61230159,13.54881746,0.083333333,0.416666667,0.461538462,0.4,10,4,0.68,0.589507204,8,21.78025967,-0.677332647,4.671319961,2.063737993,7.132624921,0.035936923,0.276713151,16,8966,743,0.004291845,0.356923392,28,1.076923077
169,17949,9,9,1.333333333,0.592592593,0.059907795,4.166666667,4.283333333,4.139861393,0.285714286,0.428571429,0.333333333,0.75,4,2,0.625,0.598958333,3,10.48922256,1.381272114,1.26955697,0.897677683,1.876255112,0.123321622,0.706850164,7,496,81,0.026315789,0.46536681,9,1
170,18060,20,20,1.218657048,0.480754615,0.008466171,5.788888889,11.53333333,9.534220662,0.166666667,0.222222222,0.15,0.368421053,8,2,0.368421053,0.744987469,8,22.63705617,-0.358398166,2.967307729,1.122457344,2.79156565,0.046821938,0.43835589,12,4302,457,0.007194245,0.395490272,20,1
171,18087,44,44,1.524688049,1.031305849,0.053441466,29.59879773,15.98645799,16.8740568,0.119047619,0.619047619,0.340909091,0.372093023,10,2,0.790697674,0.415832912,9,71.50557369,-0.783917076,9.968794331,4.27467797,22.99351296,0.129880818,0.832876712,30,44310,2155,0.001424501,0.298479258,44,1
172,18130,19,19,1.328196354,0.652023665,0.041269071,10.50980392,8.112301587,9.041587274,0.352941176,0.529411765,0.315789474,0.555555556,6,2,0.722222222,0.524420795,5,20.7080394,-0.442530212,1.831072325,1.154553132,4.258725231,0.111562439,0.723289863,16,4580,341,0.005617978,0.26595054,19,1
173,18148,75,75,1.310200211,0.860636801,0.011188932,42.19071775,34.18428367,35.48173116,0.04109589,0.452054795,0.4,0.283783784,16,4,0.675675676,0.525972464,21,86.22339486,-4.176676465,15.35648404,2.120354916,6.546025663,0.057998489,0.539726575,32,145662,6261,0.000788022,0.308704759,75,1
174,18236,205,201,1.367177373,1.065387706,0.024934392,122.6887482,84.30629166,100.3941969,0.018425461,0.487437186,0.343283582,0.27,30,10,0.695,0.482092786,52,194.4170676,-14.21060948,36.73846876,1.876575263,5.711722601,0.090481214,0.701367293,69,1952880,45449,0.000158806,0.228657756,205,1.019900498
175,18443,10,10,1.233288287,0.474341649,0.023552805,5,4.783333333,3.798164219,0.25,0.5,0.6,0.666666667,4,2,0.666666667,0.603174603,3,17.31497737,0.806595722,1.096204849,0.925392067,2.19438939,0.068246433,0.487670959,9,714,101,0.02,0.45915826,10,1
176,18460,44,18,1.715388673,1.060660172,0.040147115,9.301587302,8.162301587,8.679232517,0.15625,0.5,0.5,0.588235294,8,4,0.647058824,0.559726245,5,19.00982457,1.022786065,4.478746865,1.562202305,4.365193237,0.10914083,0.772603288,11,3266,379,0.008474576,0.405214718,44,2.444444444
177,18474,10,9,1.62962963,1.037037037,0.00338169,7,2.592857143,4.709110632,1,1,0.333333333,1,2,1,0.875,0.339732143,1,7.375787399,2.390845327,3.095255312,2.028405348,5.137521471,0.028953053,0.175342192,9,536,71,0.022727273,0.416925606,10,1.111111111
178,18483,9,9,1.444444444,0.703703704,0.004513874,3.6,4.283333333,3.05701164,0.285714286,0.428571429,0,0.75,4,2,0.5,0.614732143,3,18.98008417,1.231916744,1.358438704,2.041241452,5.166666667,0.035853205,0.183561644,7,494,75,0.025641026,0.429291504,9,1
179,18503,120,14,1.355396298,0.629972927,0.023492113,8.590909091,5.676190476,7.124834028,0.291666667,0.666666667,0.428571429,0.615384615,6,2,0.769230769,0.516723021,3,12.72042506,1.340689124,3.186003233,1.751452163,4.893260083,0.082932853,0.454795616,12,1826,191,0.010752688,0.388540896,119,8.5
180,18504,119,19,1.291972817,0.615800128,0.051262756,10.29411765,8.542857143,9.321123576,0.235294118,0.529411765,0.315789474,0.444444444,6,2,0.666666667,0.547905644,5,18.81434031,0.9919369,4.077604003,1.820822344,5.163183286,0.12569358,0.709589315,15,4430,365,0.005952381,0.403513269,118,6.210526316
181,18514,12,12,1.539600718,0.914137926,0.016343509,7.4,4.717857143,5.90495128,0.3,0.6,0.25,0.818181818,4,2,0.727272727,0.460209235,3,12.32058933,1.520082378,2.945559562,1.500000014,3.250000067,0.060940055,0.526028219,11,1200,147,0.014285714,0.427565553,12,1
182,18535,11,10,1.4862705,0.727323862,0.112014496,4.2,4.783333333,3.775128982,0.375,0.5,0.3,0.666666667,6,2,0.555555556,0.625440917,3,15.74437553,1.489394465,1.913010354,2.175343208,5.884821745,0.165451989,0.956164384,7,650,107,0.023255814,0.461298537,11,1.1
183,18550,29,28,1.430865505,0.823422602,0.005894699,16.61666667,11.94606782,14.391982,0.076923077,0.538461538,0.428571429,0.444444444,8,2,0.740740741,0.504275783,7,25.04277577,-2.735097339,4.391606548,1.373644685,3.64918082,0.03651791,0.421916411,19,12096,797,0.003236246,0.322707383,29,1.035714286
184,18585,29,22,1.366422773,0.765584391,0.021731145,14.46214178,9.212301587,11.25264232,0.2,0.6,0.545454545,0.523809524,6,2,0.761904762,0.481129908,5,19.62829629,-0.228647131,3.941869807,0.959307614,2.399769243,0.078082199,0.509588767,14,5966,579,0.005714286,0.375683743,29,1.318181818
185,18586,25,25,1.432,0.84,0.044475706,17.07921979,9.612734488,12.25975446,0.15942029,0.652173913,0.48,0.5,6,2,0.791666667,0.44837512,5,25.00653667,0.642407324,4.623286612,1.829748483,5.149106639,0.116856973,0.695890959,18,8854,711,0.004166667,0.327318961,25,1
186,18622,32,32,1.839582485,1.3092524,0.018672556,18.35958486,12.97358614,16.09592094,0.108333333,0.466666667,0.09375,0.548387097,6,2,0.677419355,0.465591015,9,30.52373722,0.14447516,7.566565032,1.395631433,3.267464223,0.073515182,0.717809315,20,16750,1209,0.002832861,0.363035919,32,1
187,18653,689,670,2.285192694,2.088220166,0.030053565,433.714564,263.3215687,306.2130619,0.004970828,0.5,0.335820896,0.173393124,56,14,0.723467862,0.441090267,168,815.1108346,-41.27547853,122.9966315,2.108737951,6.989046052,0.094423375,0.821917945,141,37911634,585629,3.08E-05,0.249383759,685,1.02238806
188,19012,21,19,1.545537576,0.917662935,0.03488546,9.804430863,9.328968254,8.985929884,0,0.411764706,0.631578947,0.555555556,6,2,0.611111111,0.572835466,6,21.21538277,-0.065948362,2.474117917,1.398916481,3.686094521,0.098129344,0.830137808,12,3792,383,0.007407407,0.367118431,21,1.105263158
189,19173,14,14,1.527207097,0.839963903,0.06633887,8.533333333,5.926190476,5.967566479,0.194444444,0.666666667,0.642857143,0.615384615,6,2,0.769230769,0.518404672,3,18.85109208,-0.048395088,2.002313367,2.887626173,9.610610489,0.127621074,0.808220274,9,1640,211,0.012987013,0.413071532,14,1
190,19343,1930,1054,3.032687357,2.889548395,0.014459619,712.377872,407.7639188,547.7170406,0.003233497,0.505703422,0.370018975,0.173789174,38,12,0.735992403,0.422793259,261,879.08,-66.35172077,185.8577037,2.216286026,8.677309751,0.068620775,0.482193425,189,142239180,1299813,1.23E-05,0.222856356,1929,1.830170778
191,19345,1928,1444,2.845239831,2.715811343,0.023959352,951.071023,578.4972478,742.7533531,0.002235015,0.492371706,0.367728532,0.13998614,54,12,0.724878725,0.440895195,367,1247.195201,-93.46637657,241.4938565,2.127570949,8.014587632,0.088764013,0.594521918,203,277954120,2443293,8.76E-06,0.214257719,1928,1.335180055
192,19348,1923,1826,2.596807308,2.475697128,0.03770393,1176.188796,757.5282307,888.8399061,0.001688289,0.478070175,0.39101862,0.115616438,78,12,0.713424658,0.460023779,477,1876.499787,-122.3964122,286.2667609,2.014123148,6.97606367,0.111408614,0.846576575,213,448318936,3900873,6.94E-06,0.228070909,1923,1.053121577
193,19796,11,11,1.178635256,0.356331589,0.138590909,5.333333333,5.416666667,4.6195684,0.222222222,0.555555556,0.818181818,0.5,6,2,0.6,0.657142857,3,14.03508379,1.559389249,0.866117146,1.422069032,3.85110285,0.191690332,0.950684849,9,934,125,0.016666667,0.462051405,11,1
194,19952,8,8,1.193242693,0.397747564,0.031973598,4.333333333,3.583333333,3.161091002,0.5,0.666666667,0.75,0.714285714,4,2,0.714285714,0.597619048,2,12.81447593,1.27013651,0.645924565,1.324965038,3.223100743,0.094391985,0.528766247,8,394,55,0.027027027,0.449092833,8,1
195,20091,8,8,1.458407736,0.751300955,0.057490148,4.333333333,3.283333333,3.736717867,0.5,0.666666667,0.375,0.857142857,4,2,0.714285714,0.525170068,2,8.875110179,2.266629634,0.103448276,1.346373245,3.295250586,0.095505137,0.750684932,7,358,63,0.032258065,0.48613193,8,1
196,20499,111,110,1.843649934,1.496936265,0.055090713,75.19367966,40.81783397,45.92061336,0.031084656,0.537037037,0.354545455,0.412844037,20,6,0.743119266,0.407741955,26,154.6982891,-4.730834605,23.76135279,2.225658409,8.183976417,0.128458089,1.230137918,58,482226,13555,0.000345423,0.313581738,111,1.009090909
197,20634,10,10,1.296533841,0.537587202,0.019547602,3.683333333,5.283333333,4.588816168,0,0.25,0.3,0.666666667,4,2,0.555555556,0.662169312,4,12.240368,1.07932303,0.279399343,1.201669516,3.134641932,0.072630139,0.331508411,8,670,99,0.02173913,0.451189227,10,1
198,20987,38,33,1.392621248,0.854563038,0.020144237,20.08515532,15.34680042,17.04877924,0.077419355,0.483870968,0.545454545,0.4375,8,2,0.71875,0.525451993,9,28.14853959,-1.552880007,5.645520202,2.118203385,6.837531417,0.079731322,0.430137315,18,15936,1209,0.003215434,0.339809499,38,1.151515152